"name","species","gender","weight","(in lbs)"
"Abyssinian","cat",,9,
"American Bobtail","cat",,9.5,
"American Curl","cat",,9,
"American Shorthair","cat",,11.5,
"American Wirehair","cat",,9.5,
"Balinese","cat",,8,
"Bengal","cat",,17,
"Birman","cat",,9,
"Bombay","cat",,11.5,
"British Shorthair","cat",,11.5,
"Burmese","cat",,15,
"Chartreux","cat",,10,
"Colorpoint Shorthair","cat",,8,
"Cornish Rex","cat",,9,
"Cymric","cat",,10,
"Devon Rex","cat",,6.5,
"Egyptian Mau","cat",,8,
"European Burmese","cat",,8,
"Exotic Shorthair","cat",,10.5,
"Havana Brown","cat",,6.5,
"Himalayan","cat",,11.5,
"Japanese Bobtail","cat",,7.5,
"Javanese","cat",,8,
"Korat","cat",,9,
"Laperm","cat",,8,
"Maine Coon","cat",,15.5,
"Manx","cat",,10,
"Norwegian Forest Cat","cat",,16,
"Ocicat","cat",,10,
"Oriental","cat",,11.5,
"Persian","cat",,11.5,
"Ragamuffin","cat",,15,
"Ragdoll","cat",,15,
"Russian Blue","cat",,9.5,
"Scottish Fold","cat",,11,
"Selkirk Rex","cat",,10,
"Siamese","cat",,11.5,
"Siberian","cat",,15,
"Singapura","cat",,6.5,
"Somali","cat",,10,
"Sphynx","cat",,11.5,
"Tiffany/Chantilly","cat",,9,
"Tonkinese","cat",,9,
"Turkish Angora","cat",,9,
"Turkish Van","cat",,12,
"Affenpinscher","dog",,8,
"Affenpinscher","dog","male",8,
"Affenpinscher","dog","female",8,
"Afghan Hound","dog",,55,
"Afghan Hound","dog","male",60,
"Afghan Hound","dog","female",50,
"Airedale Terrier","dog",,45,
"Airedale Terrier","dog","male",45,
"Airedale Terrier","dog","female",45,
"Akbash","dog",,105,
"Akbash","dog","male",120,
"Akbash","dog","female",90,
"Akita","dog",,97.5,
"Akita","dog","male",107.5,
"Akita","dog","female",87.5,
"Alapaha Blue Blood Bulldog","dog",,89,
"Alapaha Blue Blood Bulldog","dog","male",100,
"Alapaha Blue Blood Bulldog","dog","female",78,
"Alaskan Klee Kai","dog",,16.5,
"Alaskan Klee Kai","dog","male",16.5,
"Alaskan Klee Kai","dog","female",16.5,
"Alaskan Malamute","dog",,80,
"Alaskan Malamute","dog","male",85,
"Alaskan Malamute","dog","female",75,
"American Bulldog","dog",,87.5,
"American Bulldog","dog","male",95,
"American Bulldog","dog","female",80,
"American English Coonhound","dog",,52.5,
"American English Coonhound","dog","male",52.5,
"American English Coonhound","dog","female",52.5,
"American Eskimo Dog","dog",,23,
"American Eskimo Dog","dog","male",23,
"American Eskimo Dog","dog","female",23,
"American FoxHound","dog",,70,
"American FoxHound","dog","male",72.5,
"American FoxHound","dog","female",67.5,
"American Hairless Terrier","dog",,10.5,
"American Hairless Terrier","dog","male",10.5,
"American Hairless Terrier","dog","female",10.5,
"American PitBull Terrier","dog",,63.5,
"American PitBull Terrier","dog","male",61,
"American PitBull Terrier","dog","female",66,
"American Staffordshire Terrier","dog",,62,
"American Staffordshire Terrier","dog","male",62,
"American Staffordshire Terrier","dog","female",62,
"American Water Spaniel","dog",,35,
"American Water Spaniel","dog","male",37.5,
"American Water Spaniel","dog","female",32.5,
"Anatolian Shepherd","dog",,115,
"Anatolian Shepherd","dog","male",130,
"Anatolian Shepherd","dog","female",100,
"Appenzell Mountain Dog","dog",,60,
"Appenzell Mountain Dog","dog","male",65,
"Appenzell Mountain Dog","dog","female",55,
"Argentine Dogo","dog",,90,
"Argentine Dogo","dog","male",95,
"Argentine Dogo","dog","female",85,
"AussieDoodle","dog",,47.5,
"AussieDoodle","dog","male",47.5,
"AussieDoodle","dog","female",47.5,
"Austrailian Cattle Dog/Blue Heeler","dog",,40,
"Austrailian Cattle Dog/Blue Heeler","dog","male",40,
"Austrailian Cattle Dog/Blue Heeler","dog","female",40,
"Australian Kelpie","dog",,35,
"Australian Kelpie","dog","male",35,
"Australian Kelpie","dog","female",35,
"Australian Shepherd","dog",,52.5,
"Australian Shepherd","dog","male",57.5,
"Australian Shepherd","dog","female",47.5,
"Australian Terrier","dog",,13,
"Australian Terrier","dog","male",13,
"Australian Terrier","dog","female",13,
"Azawakh","dog",,44,
"Azawakh","dog","male",49.5,
"Azawakh","dog","female",38.5,
"Basenji","dog",,23,
"Basenji","dog","male",24,
"Basenji","dog","female",22,
"Basset Hound","dog",,50,
"Basset Hound","dog","male",50,
"Basset Hound","dog","female",50,
"Beagle","dog",,24,
"Beagle","dog","male",24,
"Beagle","dog","female",24,
"Beaglier","dog",,17.5,
"Beaglier","dog","male",17.5,
"Beaglier","dog","female",17.5,
"Bearded Collie","dog",,50,
"Bearded Collie","dog","male",50,
"Bearded Collie","dog","female",50,
"Beauceron","dog",,75,
"Beauceron","dog","male",80,
"Beauceron","dog","female",70,
"Bedlington Terrier","dog",,20,
"Bedlington Terrier","dog","male",20,
"Bedlington Terrier","dog","female",20,
"Belgian Malinois","dog",,62.5,
"Belgian Malinois","dog","male",62.5,
"Belgian Malinois","dog","female",62.5,
"Belgian Sheepdog","dog",,62.5,
"Belgian Sheepdog","dog","male",62.5,
"Belgian Sheepdog","dog","female",62.5,
"Belgian Shepherd Laekenois","dog",,60,
"Belgian Shepherd Laekenois","dog","male",60,
"Belgian Shepherd Laekenois","dog","female",60,
"Belgian Shepherd Malinois","dog",,65,
"Belgian Shepherd Malinois","dog","male",70,
"Belgian Shepherd Malinois","dog","female",60,
"Belgian Shepherd Tervuren","dog",,67.5,
"Belgian Shepherd Tervuren","dog","male",70,
"Belgian Shepherd Tervuren","dog","female",65,
"Belgian Tervuren","dog",,62.5,
"Belgian Tervuren","dog","male",62.5,
"Belgian Tervuren","dog","female",62.5,
"Bergamasco","dog",,70.5,
"Bergamasco","dog","male",77,
"Bergamasco","dog","female",64,
"Berger Picard","dog",,60,
"Berger Picard","dog","male",65,
"Berger Picard","dog","female",55,
"Bernese Mountain Dog","dog",,95,
"Bernese Mountain Dog","dog","male",105,
"Bernese Mountain Dog","dog","female",85,
"Bichon Frise","dog",,9.5,
"Bichon Frise","dog","male",9.5,
"Bichon Frise","dog","female",9.5,
"Bichpoo","dog",,9,
"Bichpoo","dog","male",9,
"Bichpoo","dog","female",9,
"Black & Tan Coonhound","dog",,65,
"Black & Tan Coonhound","dog","male",65,
"Black & Tan Coonhound","dog","female",65,
"Black Mouth Cur","dog",,67.5,
"Black Mouth Cur","dog","male",75,
"Black Mouth Cur","dog","female",60,
"Black Russian Terrier","dog",,117.5,
"Black Russian Terrier","dog","male",135,
"Black Russian Terrier","dog","female",100,
"Bloodhound","dog",,95,
"Bloodhound","dog","male",100,
"Bloodhound","dog","female",90,
"Bluetick Coonhound","dog",,62.5,
"Bluetick Coonhound","dog","male",62.5,
"Bluetick Coonhound","dog","female",62.5,
"Bolognese","dog",,6.75,
"Bolognese","dog","male",6.75,
"Bolognese","dog","female",6.75,
"Border Collie","dog",,37.5,
"Border Collie","dog","male",37.5,
"Border Collie","dog","female",37.5,
"Border Terrier","dog",,13.5,
"Border Terrier","dog","male",14.25,
"Border Terrier","dog","female",12.75,
"Borzoi","dog",,81.25,
"Borzoi","dog","male",90,
"Borzoi","dog","female",72.5,
"Boston Terrier","dog",,17.5,
"Boston Terrier","dog","male",17.5,
"Boston Terrier","dog","female",17.5,
"Bouvier Des Flandres","dog",,79.5,
"Bouvier Des Flandres","dog","male",79.5,
"Bouvier Des Flandres","dog","female",79.5,
"Boxer","dog",,65,
"Boxer","dog","male",72.5,
"Boxer","dog","female",57.5,
"BoxerDoodle","dog",,41,
"BoxerDoodle","dog","male",41,
"BoxerDoodle","dog","female",41,
"Boykin Spaniel","dog",,32.5,
"Boykin Spaniel","dog","male",35,
"Boykin Spaniel","dog","female",30,
"Bracco Italiano","dog",,71.5,
"Bracco Italiano","dog","male",71.5,
"Bracco Italiano","dog","female",71.5,
"Briard","dog",,87.5,
"Briard","dog","male",87.5,
"Briard","dog","female",87.5,
"Briquet Griffon Vendéen","dog",,42.5,
"Briquet Griffon Vendéen","dog","male",42.5,
"Briquet Griffon Vendéen","dog","female",42.5,
"Brittany Spaniel","dog",,35,
"Brittany Spaniel","dog","male",35,
"Brittany Spaniel","dog","female",35,
"Brussels Griffon","dog",,9,
"Brussels Griffon","dog","male",9,
"Brussels Griffon","dog","female",9,
"Bull Mastiff","dog",,115,
"Bull Mastiff","dog","male",120,
"Bull Mastiff","dog","female",110,
"Bull Terrier","dog",,55,
"Bull Terrier","dog","male",60,
"Bull Terrier","dog","female",50,
"Bulldog","dog",,45,
"Bulldog","dog","male",50,
"Bulldog","dog","female",40,
"Cairn Terrier","dog",,13.5,
"Cairn Terrier","dog","male",14,
"Cairn Terrier","dog","female",13,
"Cairnoodle","dog",,17.5,
"Cairnoodle","dog","male",17.5,
"Cairnoodle","dog","female",17.5,
"Canaan Dog","dog",,45,
"Canaan Dog","dog","male",50,
"Canaan Dog","dog","female",40,
"Cane Corso Mastiff","dog",,110,
"Cane Corso Mastiff","dog","male",110,
"Cane Corso Mastiff","dog","female",110,
"Cao De Castro Laboreiro","dog",,66,
"Cao De Castro Laboreiro","dog","male",77,
"Cao De Castro Laboreiro","dog","female",55,
"Carolina Dog","dog",,37,
"Carolina Dog","dog","male",37,
"Carolina Dog","dog","female",37,
"Catahoula Leopard Dog","dog",,67.5,
"Catahoula Leopard Dog","dog","male",75,
"Catahoula Leopard Dog","dog","female",60,
"Caucasian Mountain Dog","dog",,125,
"Caucasian Mountain Dog","dog","male",125,
"Caucasian Mountain Dog","dog","female",125,
"Cavachon","dog",,15,
"Cavachon","dog","male",15,
"Cavachon","dog","female",15,
"Cavalier King Charles Spaniel","dog",,14,
"Cavalier King Charles Spaniel","dog","male",14,
"Cavalier King Charles Spaniel","dog","female",14,
"Cavapoo","dog",,13,
"Cavapoo","dog","male",13,
"Cavapoo","dog","female",13,
"Central Asian Ovtcharka","dog",,132,
"Central Asian Ovtcharka","dog","male",148.5,
"Central Asian Ovtcharka","dog","female",115.5,
"Cesky Terrier","dog",,16.75,
"Cesky Terrier","dog","male",18,
"Cesky Terrier","dog","female",15.5,
"Chesapeake Bay Retriever","dog",,67.5,
"Chesapeake Bay Retriever","dog","male",72.5,
"Chesapeake Bay Retriever","dog","female",62.5,
"Chihauha","dog",,6,
"Chihauha","dog","male",6,
"Chihauha","dog","female",6,
"Chinese Chongqing Dog","dog",,43.75,
"Chinese Chongqing Dog","dog","male",49,
"Chinese Chongqing Dog","dog","female",38.5,
"Chinese Crested","dog",,8.5,
"Chinese Crested","dog","male",8.5,
"Chinese Crested","dog","female",8.5,
"Chinese Foo Dog","dog",,30.5,
"Chinese Foo Dog","dog","male",30.5,
"Chinese Foo Dog","dog","female",30.5,
"Chinese Shar-Pei","dog",,52.5,
"Chinese Shar-Pei","dog","male",52.5,
"Chinese Shar-Pei","dog","female",52.5,
"Chinook","dog",,62.5,
"Chinook","dog","male",70,
"Chinook","dog","female",55,
"ChiPoo","dog",,7.5,
"ChiPoo","dog","male",7.5,
"ChiPoo","dog","female",7.5,
"Chow Chow","dog",,57.5,
"Chow Chow","dog","male",57.5,
"Chow Chow","dog","female",57.5,
"Cirneco Dell Etna","dog",,25,
"Cirneco Dell Etna","dog","male",28,
"Cirneco Dell Etna","dog","female",22,
"Clumber Spaniel","dog",,70,
"Clumber Spaniel","dog","male",77.5,
"Clumber Spaniel","dog","female",62.5,
"Cockapoo","dog",,12.5,
"Cockapoo","dog","male",12.5,
"Cockapoo","dog","female",12.5,
"Cocker Spaniel","dog",,20,
"Cocker Spaniel","dog","male",26,
"Cocker Spaniel","dog","female",14,
"Collie","dog",,62.5,
"Collie","dog","male",67.5,
"Collie","dog","female",57.5,
"Corgi","dog",,26.75,
"Corgi","dog","male",27.5,
"Corgi","dog","female",26,
"Coton De Tulear","dog",,13.5,
"Coton De Tulear","dog","male",13.5,
"Coton De Tulear","dog","female",13.5,
"Curly Coated Retriever","dog",,85,
"Curly Coated Retriever","dog","male",90,
"Curly Coated Retriever","dog","female",80,
"Czechloslovakian Wolf Dog","dog",,49,
"Czechloslovakian Wolf Dog","dog","male",54,
"Czechloslovakian Wolf Dog","dog","female",44,
"Dachhund, Mini","dog",,9.5,
"Dachhund, Mini","dog","male",9.5,
"Dachhund, Mini","dog","female",9.5,
"Dachshund","dog",,21.5,
"Dachshund","dog","male",21.5,
"Dachshund","dog","female",21.5,
"Dalmation","dog",,50,
"Dalmation","dog","male",50,
"Dalmation","dog","female",50,
"Dandi Dinmont Terrier","dog",,21,
"Dandi Dinmont Terrier","dog","male",21,
"Dandi Dinmont Terrier","dog","female",21,
"Doberman Pinscher","dog",,77.5,
"Doberman Pinscher","dog","male",77.5,
"Doberman Pinscher","dog","female",77.5,
"Dogo Argentino","dog",,90,
"Dogo Argentino","dog","male",95,
"Dogo Argentino","dog","female",85,
"Dogue De Bordeaux","dog",,132.5,
"Dogue De Bordeaux","dog","male",132.5,
"Dogue De Bordeaux","dog","female",132.5,
"Doodleman Pinscher","dog",,77,
"Doodleman Pinscher","dog","male",77,
"Doodleman Pinscher","dog","female",77,
"Dutch Shepherd","dog",,61,
"Dutch Shepherd","dog","male",61,
"Dutch Shepherd","dog","female",61,
"English Boodle","dog",,35,
"English Boodle","dog","male",35,
"English Boodle","dog","female",35,
"English Bulldog","dog",,52.5,
"English Bulldog","dog","male",52.5,
"English Bulldog","dog","female",52.5,
"English Cocker Spaniel","dog",,30,
"English Cocker Spaniel","dog","male",31,
"English Cocker Spaniel","dog","female",29,
"English Coonhound","dog",,52.5,
"English Coonhound","dog","male",52.5,
"English Coonhound","dog","female",52.5,
"English Pointer","dog",,59.75,
"English Pointer","dog","male",65,
"English Pointer","dog","female",54.5,
"English Setter","dog",,57.5,
"English Setter","dog","male",62.5,
"English Setter","dog","female",52.5,
"English Shepherd","dog",,51.25,
"English Shepherd","dog","male",57.5,
"English Shepherd","dog","female",45,
"English Springer Spaniel","dog",,45,
"English Springer Spaniel","dog","male",50,
"English Springer Spaniel","dog","female",40,
"English Toy Spaniel","dog",,11,
"English Toy Spaniel","dog","male",11,
"English Toy Spaniel","dog","female",11,
"Entlebucher Mountain Dog","dog",,57.5,
"Entlebucher Mountain Dog","dog","male",57.5,
"Entlebucher Mountain Dog","dog","female",57.5,
"Eskapoo","dog",,14,
"Eskapoo","dog","male",14,
"Eskapoo","dog","female",14,
"Eskimo Dog","dog",,20.5,
"Eskimo Dog","dog","male",20.5,
"Eskimo Dog","dog","female",20.5,
"Estrela Mountain Dog","dog",,83.75,
"Estrela Mountain Dog","dog","male",92.5,
"Estrela Mountain Dog","dog","female",75,
"Field Spaniel","dog",,42.5,
"Field Spaniel","dog","male",42.5,
"Field Spaniel","dog","female",42.5,
"Fila Brasileiro","dog",,151.25,
"Fila Brasileiro","dog","male",160,
"Fila Brasileiro","dog","female",142.5,
"Finnish Lapphund","dog",,45.5,
"Finnish Lapphund","dog","male",45.5,
"Finnish Lapphund","dog","female",45.5,
"Finnish Spitz","dog",,25,
"Finnish Spitz","dog","male",25,
"Finnish Spitz","dog","female",25,
"Flat Coated Retriever","dog",,65,
"Flat Coated Retriever","dog","male",65,
"Flat Coated Retriever","dog","female",65,
"Fox Terrier, Smooth","dog",,17,
"Fox Terrier, Smooth","dog","male",18,
"Fox Terrier, Smooth","dog","female",16,
"Fox Terrier, Toy","dog",,5.25,
"Fox Terrier, Toy","dog","male",5.25,
"Fox Terrier, Toy","dog","female",5.25,
"Fox Terrier, Wire","dog",,17,
"Fox Terrier, Wire","dog","male",18,
"Fox Terrier, Wire","dog","female",16,
"French Bulldog","dog",,28,
"French Bulldog","dog","male",28,
"French Bulldog","dog","female",28,
"German Hovawart","dog",,72.5,
"German Hovawart","dog","male",72.5,
"German Hovawart","dog","female",72.5,
"German Pinscher","dog",,30,
"German Pinscher","dog","male",30,
"German Pinscher","dog","female",30,
"German Shepherd","dog",,85,
"German Shepherd","dog","male",85,
"German Shepherd","dog","female",85,
"German Shorthaired Pointer","dog",,57.5,
"German Shorthaired Pointer","dog","male",62.5,
"German Shorthaired Pointer","dog","female",52.5,
"German Wirehaired Pointer","dog",,60,
"German Wirehaired Pointer","dog","male",60,
"German Wirehaired Pointer","dog","female",60,
"Glen of Imaal Terrier","dog",,35,
"Glen of Imaal Terrier","dog","male",35,
"Glen of Imaal Terrier","dog","female",35,
"Goldador","dog",,70,
"Goldador","dog","male",70,
"Goldador","dog","female",70,
"Golden Retriever","dog",,65,
"Golden Retriever","dog","male",70,
"Golden Retriever","dog","female",60,
"Goldendoodle","dog",,100,
"Goldendoodle","dog","male",150,
"Goldendoodle","dog","female",50,
"Gordon Setter","dog",,62.5,
"Gordon Setter","dog","male",67.5,
"Gordon Setter","dog","female",57.5,
"Great Dane","dog",,110,
"Great Dane","dog","male",110,
"Great Dane","dog","female",110,
"Great Pyrenees","dog",,92.5,
"Great Pyrenees","dog","male",100,
"Great Pyrenees","dog","female",85,
"Greater Swiss Mountain Dog","dog",,110,
"Greater Swiss Mountain Dog","dog","male",122.5,
"Greater Swiss Mountain Dog","dog","female",97.5,
"Greyhound","dog",,65,
"Greyhound","dog","male",67.5,
"Greyhound","dog","female",62.5,
"Harrier","dog",,50,
"Harrier","dog","male",50,
"Harrier","dog","female",50,
"Havanese","dog",,10,
"Havanese","dog","male",10,
"Havanese","dog","female",10,
"Hovawart","dog",,72.5,
"Hovawart","dog","male",72.5,
"Hovawart","dog","female",72.5,
"Hunt Terrier","dog",,12,
"Hunt Terrier","dog","male",12,
"Hunt Terrier","dog","female",12,
"ibizan Hound","dog",,47.5,
"ibizan Hound","dog","male",50,
"ibizan Hound","dog","female",45,
"Iceland Sheepdog","dog",,25,
"Iceland Sheepdog","dog","male",27.5,
"Iceland Sheepdog","dog","female",22.5,
"Illyrian Sheepdog","dog",,82.5,
"Illyrian Sheepdog","dog","male",88,
"Illyrian Sheepdog","dog","female",77,
"Irish Setter","dog",,65,
"Irish Setter","dog","male",70,
"Irish Setter","dog","female",60,
"Irish Terrier","dog",,26,
"Irish Terrier","dog","male",27,
"Irish Terrier","dog","female",25,
"Irish Water Spaniel","dog",,55.75,
"Irish Water Spaniel","dog","male",60,
"Irish Water Spaniel","dog","female",51.5,
"Irish Wolfhound","dog",,112.5,
"Irish Wolfhound","dog","male",120,
"Irish Wolfhound","dog","female",105,
"Italian Greyhound","dog",,10.5,
"Italian Greyhound","dog","male",10.5,
"Italian Greyhound","dog","female",10.5,
"Italian Spinone","dog",,75,
"Italian Spinone","dog","male",80.5,
"Italian Spinone","dog","female",69.5,
"Jack Russell Terrier","dog",,15,
"Jack Russell Terrier","dog","male",15,
"Jack Russell Terrier","dog","female",15,
"Japanese Chin","dog",,5.5,
"Japanese Chin","dog","male",5.5,
"Japanese Chin","dog","female",5.5,
"Jindo","dog",,37.5,
"Jindo","dog","male",42.5,
"Jindo","dog","female",32.5,
"Kai Dog","dog",,40,
"Kai Dog","dog","male",40,
"Kai Dog","dog","female",40,
"Karelian Bear Dog","dog",,46.5,
"Karelian Bear Dog","dog","male",46.5,
"Karelian Bear Dog","dog","female",46.5,
"Keeshond","dog",,40,
"Keeshond","dog","male",45,
"Keeshond","dog","female",35,
"Kerry Blue Terrier","dog",,34.5,
"Kerry Blue Terrier","dog","male",36.5,
"Kerry Blue Terrier","dog","female",32.5,
"Kishu Ken","dog",,45,
"Kishu Ken","dog","male",45,
"Kishu Ken","dog","female",45,
"Komondor","dog",,75,
"Komondor","dog","male",80,
"Komondor","dog","female",70,
"Kooikerhondje","dog",,22,
"Kooikerhondje","dog","male",22,
"Kooikerhondje","dog","female",22,
"Kuvasz","dog",,93.75,
"Kuvasz","dog","male",107.5,
"Kuvasz","dog","female",80,
"Labradoodle","dog",,57.5,
"Labradoodle","dog","male",57.5,
"Labradoodle","dog","female",57.5,
"Labrador Retriever","dog",,67.5,
"Labrador Retriever","dog","male",72.5,
"Labrador Retriever","dog","female",62.5,
"Lagotto Romagnolo","dog",,29.75,
"Lagotto Romagnolo","dog","male",31.5,
"Lagotto Romagnolo","dog","female",28,
"Lakeland Terrier","dog",,15.75,
"Lakeland Terrier","dog","male",14.5,
"Lakeland Terrier","dog","female",17,
"Lancashire Heeler","dog",,19,
"Lancashire Heeler","dog","male",20,
"Lancashire Heeler","dog","female",18,
"Leonberger","dog",,132.5,
"Leonberger","dog","male",150,
"Leonberger","dog","female",115,
"Lhasa Apso","dog",,14,
"Lhasa Apso","dog","male",14,
"Lhasa Apso","dog","female",14,
"Lhasapoo","dog",,16,
"Lhasapoo","dog","male",16,
"Lhasapoo","dog","female",16,
"Lowchen","dog",,13,
"Lowchen","dog","male",13,
"Lowchen","dog","female",13,
"MalShi","dog",,10.5,
"MalShi","dog","male",10.5,
"MalShi","dog","female",10.5,
"Maltese","dog",,5.5,
"Maltese","dog","male",5.5,
"Maltese","dog","female",5.5,
"Maltipom","dog",,6,
"Maltipom","dog","male",6,
"Maltipom","dog","female",6,
"Maltipoo","dog",,10,
"Maltipoo","dog","male",10,
"Maltipoo","dog","female",10,
"Manchester Terrier","dog",,17,
"Manchester Terrier","dog","male",17,
"Manchester Terrier","dog","female",17,
"Manchester Terrier, Toy","dog",,9.5,
"Manchester Terrier, Toy","dog","male",9.5,
"Manchester Terrier, Toy","dog","female",9.5,
"Maremma Sheepdog","dog",,82.5,
"Maremma Sheepdog","dog","male",88,
"Maremma Sheepdog","dog","female",77,
"Mastiff","dog",,182.5,
"Mastiff","dog","male",182.5,
"Mastiff","dog","female",182.5,
"McNab","dog",,37.5,
"McNab","dog","male",37.5,
"McNab","dog","female",37.5,
"Mexican Hairless Dog","dog",,22.5,
"Mexican Hairless Dog","dog","male",22.5,
"Mexican Hairless Dog","dog","female",22.5,
"Miniature Australian Shepherd","dog",,30,
"Miniature Australian Shepherd","dog","male",30,
"Miniature Australian Shepherd","dog","female",30,
"Miniature Bull Terrier","dog",,29,
"Miniature Bull Terrier","dog","male",29,
"Miniature Bull Terrier","dog","female",29,
"Miniature Pinscher","dog",,9,
"Miniature Pinscher","dog","male",9,
"Miniature Pinscher","dog","female",9,
"Morkie/Yorktese","dog",,6.5,
"Morkie/Yorktese","dog","male",6.5,
"Morkie/Yorktese","dog","female",6.5,
"Mountain Cur","dog",,50,
"Mountain Cur","dog","male",55,
"Mountain Cur","dog","female",45,
"Mudi","dog",,23.5,
"Mudi","dog","male",23.5,
"Mudi","dog","female",23.5,
"Neapolitan Mastiff","dog",,165,
"Neapolitan Mastiff","dog","male",165,
"Neapolitan Mastiff","dog","female",165,
"New Guinea Singing Dog","dog",,25,
"New Guinea Singing Dog","dog","male",25,
"New Guinea Singing Dog","dog","female",25,
"Newfoundland","dog",,125,
"Newfoundland","dog","male",140,
"Newfoundland","dog","female",110,
"Norfolk Terrier","dog",,11.5,
"Norfolk Terrier","dog","male",11.5,
"Norfolk Terrier","dog","female",11.5,
"Norwegian Buhund","dog",,33,
"Norwegian Buhund","dog","male",35.5,
"Norwegian Buhund","dog","female",30.5,
"Norwegian Elkhound","dog",,51.5,
"Norwegian Elkhound","dog","male",55,
"Norwegian Elkhound","dog","female",48,
"Norwegian Lundehund","dog",,14.5,
"Norwegian Lundehund","dog","male",15.5,
"Norwegian Lundehund","dog","female",13.5,
"Norwich Terrier","dog",,12,
"Norwich Terrier","dog","male",12,
"Norwich Terrier","dog","female",12,
"Nova Scotia Duck Tolling Retriever","dog",,44,
"Nova Scotia Duck Tolling Retriever","dog","male",44,
"Nova Scotia Duck Tolling Retriever","dog","female",44,
"Olde English Bulldogge","dog",,67.5,
"Olde English Bulldogge","dog","male",75,
"Olde English Bulldogge","dog","female",60,
"Olde English Sheepdog","dog",,75,
"Olde English Sheepdog","dog","male",80,
"Olde English Sheepdog","dog","female",70,
"Otterhound","dog",,97.5,
"Otterhound","dog","male",115,
"Otterhound","dog","female",80,
"Papillon","dog",,9.5,
"Papillon","dog","male",9.5,
"Papillon","dog","female",9.5,
"Papoo","dog",,8.5,
"Papoo","dog","male",8.5,
"Papoo","dog","female",8.5,
"Parson Russell Terrier","dog",,15,
"Parson Russell Terrier","dog","male",15,
"Parson Russell Terrier","dog","female",15,
"Patterdale (Fell) Terrier","dog",,12,
"Patterdale (Fell) Terrier","dog","male",12,
"Patterdale (Fell) Terrier","dog","female",12,
"Peek-A-Pom","dog",,6.5,
"Peek-A-Pom","dog","male",6.5,
"Peek-A-Pom","dog","female",6.5,
"Pekepoo","dog",,13,
"Pekepoo","dog","male",13,
"Pekepoo","dog","female",13,
"Pekingese","dog",,14,
"Pekingese","dog","male",14,
"Pekingese","dog","female",14,
"Peruvian Inca Orchid","dog",,32,
"Peruvian Inca Orchid","dog","male",32,
"Peruvian Inca Orchid","dog","female",32,
"Petite Basset Griffon Vendéen","dog",,30,
"Petite Basset Griffon Vendéen","dog","male",30,
"Petite Basset Griffon Vendéen","dog","female",30,
"Pharaoh Hound","dog",,50,
"Pharaoh Hound","dog","male",50,
"Pharaoh Hound","dog","female",50,
"Plott Hound","dog",,51.25,
"Plott Hound","dog","male",55,
"Plott Hound","dog","female",47.5,
"Podengo Portugueso","dog",,27.5,
"Podengo Portugueso","dog","male",27.5,
"Podengo Portugueso","dog","female",27.5,
"Pointer","dog",,60,
"Pointer","dog","male",65,
"Pointer","dog","female",55,
"Polish Lowland Sheepdog","dog",,40,
"Polish Lowland Sheepdog","dog","male",45,
"Polish Lowland Sheepdog","dog","female",35,
"Polish Owczarek Nizinny","dog",,40,
"Polish Owczarek Nizinny","dog","male",45,
"Polish Owczarek Nizinny","dog","female",35,
"Polish Tatra Sheepdog","dog",,105,
"Polish Tatra Sheepdog","dog","male",105,
"Polish Tatra Sheepdog","dog","female",105,
"Pomapoo","dog",,9,
"Pomapoo","dog","male",9,
"Pomapoo","dog","female",9,
"Pomchi","dog",,8.5,
"Pomchi","dog","male",8.5,
"Pomchi","dog","female",8.5,
"Pomeranian","dog",,5,
"Pomeranian","dog","male",5,
"Pomeranian","dog","female",5,
"Poodle, Standard","dog",,55,
"Poodle, Standard","dog","male",55,
"Poodle, Standard","dog","female",55,
"Poodle, Toy","dog",,7.5,
"Poodle, Toy","dog","male",7.5,
"Poodle, Toy","dog","female",7.5,
"Portuguese Podengo","dog",,27.5,
"Portuguese Podengo","dog","male",27.5,
"Portuguese Podengo","dog","female",27.5,
"Portuguese Pointer","dog",,46.5,
"Portuguese Pointer","dog","male",51.5,
"Portuguese Pointer","dog","female",41.5,
"Portuguese Water Dog","dog",,46.75,
"Portuguese Water Dog","dog","male",51,
"Portuguese Water Dog","dog","female",42.5,
"Presa Canario","dog",,92.5,
"Presa Canario","dog","male",100,
"Presa Canario","dog","female",85,
"Pug","dog",,16,
"Pug","dog","male",16,
"Pug","dog","female",16,
"Puggle","dog",,22.5,
"Puggle","dog","male",22.5,
"Puggle","dog","female",22.5,
"Puli","dog",,30,
"Puli","dog","male",30,
"Puli","dog","female",30,
"Pumi","dog",,24.75,
"Pumi","dog","male",27.5,
"Pumi","dog","female",22,
"Pyrenean Mastiff","dog",,137.5,
"Pyrenean Mastiff","dog","male",137.5,
"Pyrenean Mastiff","dog","female",137.5,
"Pyrenean Shepherd","dog",,22.5,
"Pyrenean Shepherd","dog","male",22.5,
"Pyrenean Shepherd","dog","female",22.5,
"Queensland Heeler","dog",,33,
"Queensland Heeler","dog","male",33.5,
"Queensland Heeler","dog","female",32.5,
"Rafeiro Do Alentejo","dog",,115.75,
"Rafeiro Do Alentejo","dog","male",121,
"Rafeiro Do Alentejo","dog","female",110.5,
"Rat Terrier","dog",,23.5,
"Rat Terrier","dog","male",23.5,
"Rat Terrier","dog","female",23.5,
"Redbone Coonhound","dog",,60,
"Redbone Coonhound","dog","male",65,
"Redbone Coonhound","dog","female",55,
"Rhodesian Ridgeback","dog",,77.5,
"Rhodesian Ridgeback","dog","male",85,
"Rhodesian Ridgeback","dog","female",70,
"Rottweiler","dog",,100,
"Rottweiler","dog","male",110,
"Rottweiler","dog","female",90,
"Russian Wolfhound","dog",,81.25,
"Russian Wolfhound","dog","male",87.5,
"Russian Wolfhound","dog","female",75,
"Saint Berdoodle","dog",,155,
"Saint Berdoodle","dog","male",175,
"Saint Berdoodle","dog","female",135,
"Saint Bernard","dog",,160,
"Saint Bernard","dog","male",160,
"Saint Bernard","dog","female",160,
"Saluki","dog",,50,
"Saluki","dog","male",50,
"Saluki","dog","female",50,
"Samoyed","dog",,48.75,
"Samoyed","dog","male",55,
"Samoyed","dog","female",42.5,
"Schapendoes","dog",,33,
"Schapendoes","dog","male",33,
"Schapendoes","dog","female",33,
"Schipperke","dog",,14,
"Schipperke","dog","male",14,
"Schipperke","dog","female",14,
"Schnauzer, Giant","dog",,77.5,
"Schnauzer, Giant","dog","male",77.5,
"Schnauzer, Giant","dog","female",77.5,
"Schnauzer, Miniature","dog",,14,
"Schnauzer, Miniature","dog","male",14,
"Schnauzer, Miniature","dog","female",14,
"Schnauzer, Standard","dog",,40,
"Schnauzer, Standard","dog","male",42.5,
"Schnauzer, Standard","dog","female",37.5,
"Schnoodle","dog",,15,
"Schnoodle","dog","male",15,
"Schnoodle","dog","female",15,
"Scottish Deerhound","dog",,91.25,
"Scottish Deerhound","dog","male",97.5,
"Scottish Deerhound","dog","female",85,
"Scottish Terrier","dog",,20,
"Scottish Terrier","dog","male",20.5,
"Scottish Terrier","dog","female",19.5,
"Sealyham Terrier","dog",,24.25,
"Sealyham Terrier","dog","male",28.5,
"Sealyham Terrier","dog","female",20,
"Shepadoodle","dog",,65,
"Shepadoodle","dog","male",65,
"Shepadoodle","dog","female",65,
"Shetland Sheepdog","dog",,20,
"Shetland Sheepdog","dog","male",20,
"Shetland Sheepdog","dog","female",20,
"Shiba Inu","dog",,25,
"Shiba Inu","dog","male",25,
"Shiba Inu","dog","female",25,
"Shih Tzu","dog",,12.5,
"Shih Tzu","dog","male",12.5,
"Shih Tzu","dog","female",12.5,
"Shihpoo","dog",,12.5,
"Shihpoo","dog","male",12.5,
"Shihpoo","dog","female",12.5,
"Shiloh Shepherd","dog",,130,
"Shiloh Shepherd","dog","male",150,
"Shiloh Shepherd","dog","female",110,
"Siberian Husky","dog",,47.5,
"Siberian Husky","dog","male",52.5,
"Siberian Husky","dog","female",42.5,
"Silky Terrier","dog",,9.5,
"Silky Terrier","dog","male",9.5,
"Silky Terrier","dog","female",9.5,
"Skye Terrier","dog",,19,
"Skye Terrier","dog","male",19,
"Skye Terrier","dog","female",19,
"Sloughi","dog",,52.5,
"Sloughi","dog","male",52.5,
"Sloughi","dog","female",52.5,
"Soft Coated Wheaton Terrier","dog",,37.5,
"Soft Coated Wheaton Terrier","dog","male",40,
"Soft Coated Wheaton Terrier","dog","female",35,
"South African Boerboel","dog",,177,
"South African Boerboel","dog","male",177,
"South African Boerboel","dog","female",177,
"South Russian Ovcharka","dog",,109,
"South Russian Ovcharka","dog","male",109,
"South Russian Ovcharka","dog","female",109,
"Spinone Italiano","dog",,72,
"Spinone Italiano","dog","male",72,
"Spinone Italiano","dog","female",72,
"Stabyhoun","dog",,50,
"Stabyhoun","dog","male",55,
"Stabyhoun","dog","female",45,
"Staffordshire Bull Terrier","dog",,30.25,
"Staffordshire Bull Terrier","dog","male",31.5,
"Staffordshire Bull Terrier","dog","female",29,
"Sussex Spaniel","dog",,42,
"Sussex Spaniel","dog","male",42,
"Sussex Spaniel","dog","female",42,
"Swedish Vallhund","dog",,30,
"Swedish Vallhund","dog","male",30,
"Swedish Vallhund","dog","female",30,
"Thai Ridgeback","dog",,63,
"Thai Ridgeback","dog","male",63,
"Thai Ridgeback","dog","female",63,
"Tibetan Mastiff","dog",,155,
"Tibetan Mastiff","dog","male",155,
"Tibetan Mastiff","dog","female",155,
"Tibetan Spaniel","dog",,12,
"Tibetan Spaniel","dog","male",12,
"Tibetan Spaniel","dog","female",12,
"Tibetan Terrier","dog",,24,
"Tibetan Terrier","dog","male",24,
"Tibetan Terrier","dog","female",24,
"Tosa Inu","dog",,130,
"Tosa Inu","dog","male",145,
"Tosa Inu","dog","female",115,
"Treeing Tennessee Brindle","dog",,40,
"Treeing Tennessee Brindle","dog","male",40,
"Treeing Tennessee Brindle","dog","female",40,
"Treeing Walker Coonhound","dog",,60,
"Treeing Walker Coonhound","dog","male",60,
"Treeing Walker Coonhound","dog","female",60,
"Vizsla","dog",,55,
"Vizsla","dog","male",55,
"Vizsla","dog","female",55,
"Weimaraner","dog",,77.5,
"Weimaraner","dog","male",77.5,
"Weimaraner","dog","female",77.5,
"Weimardoodle","dog",,57.5,
"Weimardoodle","dog","male",57.5,
"Weimardoodle","dog","female",57.5,
"Welsh Corgi, Cardigan","dog",,31.75,
"Welsh Corgi, Cardigan","dog","male",34,
"Welsh Corgi, Cardigan","dog","female",29.5,
"Welsh Corgi, Pembroke","dog",,26,
"Welsh Corgi, Pembroke","dog","male",27,
"Welsh Corgi, Pembroke","dog","female",25,
"Welsh Springer Spaniel","dog",,40,
"Welsh Springer Spaniel","dog","male",40,
"Welsh Springer Spaniel","dog","female",40,
"Welsh Terrier","dog",,35,
"Welsh Terrier","dog","male",37.5,
"Welsh Terrier","dog","female",32.5,
"West Highland White Terrier - Westie","dog",,18,
"West Highland White Terrier - Westie","dog","male",18,
"West Highland White Terrier - Westie","dog","female",18,
"Westiepoo","dog",,25,
"Westiepoo","dog","male",25,
"Westiepoo","dog","female",25,
"Whippet","dog",,30,
"Whippet","dog","male",30,
"Whippet","dog","female",30,
"Whoodles","dog",,30,
"Whoodles","dog","male",30,
"Whoodles","dog","female",30,
"Wirehaired Pointing Griffon","dog",,55,
"Wirehaired Pointing Griffon","dog","male",55,
"Wirehaired Pointing Griffon","dog","female",55,
"Wolf Hybrid","dog",,100,
"Wolf Hybrid","dog","male",100,
"Wolf Hybrid","dog","female",100,
"Xoloitzcuintli","dog",,22.5,
"Xoloitzcuintli","dog","male",22.5,
"Xoloitzcuintli","dog","female",22.5,
"Yorkshire Terrier","dog",,7,
"Yorkshire Terrier","dog","male",7,
"Yorkshire Terrier","dog","female",7,
